agebin,month,Cases,Pop,Year,Run_Number,Sample_ID
5,1,2.723880499601,192.0666666667,2015,0,8.0
100,1,1.213214416057,822.3333333333,2015,0,8.0
5,2,1.980917364359,190.4,2015,0,8.0
100,2,0.9762126803398,822.5666666667,2015,0,8.0
5,3,2.178339511156,189.9,2015,0,8.0
100,3,0.8301856294274,820.7,2015,0,8.0
5,4,1.656484514475,190.9666666667,2015,0,8.0
100,4,0.6667613703758,821.1333333333,2015,0,8.0
5,5,1.500770866871,194.5666666667,2015,0,8.0
100,5,0.4745652675629,820.4,2015,0,8.0
5,6,1.421676564962,196.8333333333,2015,0,8.0
100,6,0.6081355698407,820.2666666667,2015,0,8.0
5,7,1.11507126689,196.4,2015,0,8.0
100,7,0.3855686131865,820.4333333333,2015,0,8.0
5,8,1.554514467716,195.6666666667,2015,0,8.0
100,8,0.7538879066706,823.0666666667,2015,0,8.0
5,9,3.893668219447,193.7333333333,2015,0,8.0
100,9,1.517702143639,825.7,2015,0,8.0
5,10,4.546712815762,192.6666666667,2015,0,8.0
100,10,1.999919451773,827.3666666667,2015,0,8.0
5,11,3.438590481877,191.0666666667,2015,0,8.0
100,11,1.703891519457,828.3,2015,0,8.0
5,12,3.918514631689,189.4,2015,0,8.0
100,12,1.217204364948,829.6333333333,2015,0,8.0
5,1,3.271529071033,189.6666666667,2016,0,8.0
100,1,1.099927676842,829.6,2016,0,8.0
5,2,2.876074492931,186.1333333333,2016,0,8.0
100,2,0.9791399957612,832.5333333333,2016,0,8.0
5,3,2.665692865849,182.5666666667,2016,0,8.0
100,3,1.076867846772,836.0666666667,2016,0,8.0
5,4,2.486108705401,185.9666666667,2016,0,8.0
100,4,0.7726564928889,834.5666666667,2016,0,8.0
5,5,1.389090277255,183.9333333333,2016,0,8.0
100,5,0.7282812613994,835.3,2016,0,8.0
5,6,2.019814454019,186.7333333333,2016,0,8.0
100,6,0.6549826590344,835.9,2016,0,8.0
5,7,1.117615282536,185.0666666667,2016,0,8.0
100,7,0.4374575614929,834.3666666667,2016,0,8.0
5,8,1.638240553439,185.6666666667,2016,0,8.0
100,8,0.859920929186,834.7666666667,2016,0,8.0
5,9,1.925595864654,183.2333333333,2016,0,8.0
100,9,1.223707862198,835.1666666667,2016,0,8.0
5,10,2.696396499872,185,2016,0,8.0
100,10,1.852717784233,834,2016,0,8.0
5,11,2.167536534369,185.2333333333,2016,0,8.0
100,11,1.535149239935,832.1666666667,2016,0,8.0
5,12,5.514388561249,185.3333333333,2016,0,8.0
100,12,1.389389759861,831.9,2016,0,8.0
5,1,2.569970190525,189.3666666667,2017,0,8.0
100,1,1.008812357672,832.1666666667,2017,0,8.0
5,2,2.287786528468,186.1333333333,2017,0,8.0
100,2,0.9474461851642,834.7,2017,0,8.0
5,3,3.121928922832,183.1666666667,2017,0,8.0
100,3,0.987546235323,837.7666666667,2017,0,8.0
5,4,2.50949883461,184.2333333333,2017,0,8.0
100,4,0.7262814324349,837.6,2017,0,8.0
5,5,1.659392565489,183.3,2017,0,8.0
100,5,0.5077705672011,838.6333333333,2017,0,8.0
5,6,1.483739897609,180.4,2017,0,8.0
100,6,0.5056001758203,842.2333333333,2017,0,8.0
5,7,1.15635483712,178.8666666667,2017,0,8.0
100,7,0.707392340526,842.7666666667,2017,0,8.0
5,8,0.9440236091614,180.4333333333,2017,0,8.0
100,8,1.069660622627,841.7,2017,0,8.0
5,9,1.430838145316,178.5666666667,2017,0,8.0
100,9,1.328270256519,842.7,2017,0,8.0
5,10,1.724300906062,176.4,2017,0,8.0
100,10,1.915594603866,844.7333333333,2017,0,8.0
5,11,1.76920209825,178.8,2017,0,8.0
100,11,1.500217355788,843.4333333333,2017,0,8.0
5,12,5.377657875419,178.7333333333,2017,0,8.0
100,12,1.311757000163,844.0333333333,2017,0,8.0
5,1,2.831598900259,176.1666666667,2018,0,8.0
100,1,1.10562551301,847.3333333333,2018,0,8.0
5,2,2.431480884552,175.1333333333,2018,0,8.0
100,2,0.9505583234131,844.7666666667,2018,0,8.0
5,3,2.994657576084,174.7,2018,0,8.0
100,3,1.053911897354,842.7333333333,2018,0,8.0
5,4,2.294285774231,175,2018,0,8.0
100,4,0.824450190179,841.1666666667,2018,0,8.0
5,5,1.050863675773,173.6666666667,2018,0,8.0
100,5,0.5347244190052,841.8666666667,2018,0,8.0
5,6,1.694718539715,172.3,2018,0,8.0
100,6,0.6934219747782,842.2,2018,0,8.0
5,7,1.131125330925,172.1,2018,0,8.0
100,7,0.3895872803405,843.2,2018,0,8.0
5,8,0.6956356018782,174.9,2018,0,8.0
100,8,0.7057453803718,844.7333333333,2018,0,8.0
5,9,1.036342978477,176.1,2018,0,8.0
100,9,1.183424916118,843.0333333333,2018,0,8.0
5,10,2.381174378097,178.8333333333,2018,0,8.0
100,10,1.561311788857,841.6,2018,0,8.0
5,11,2.302839070559,179.6333333333,2018,0,8.0
100,11,1.889771527611,843.4,2018,0,8.0
5,12,5.078976899385,177.2666666667,2018,0,8.0
100,12,1.239878349006,843.9,2018,0,8.0
5,1,2.034235686064,167.4666666667,2015,0,1.0
100,1,1.108148014173,812.4666666667,2015,0,1.0
5,2,2.81281684339,164.3666666667,2015,0,1.0
100,2,1.061524569988,813.7666666667,2015,0,1.0
5,3,2.305889569223,163.5666666667,2015,0,1.0
100,3,0.9742526011541,811.7333333333,2015,0,1.0
5,4,1.615369066596,165.7,2015,0,1.0
100,4,0.8253504987806,810.7666666667,2015,0,1.0
5,5,1.220495648682,169.4666666667,2015,0,1.0
100,5,0.8104440551251,810.6666666667,2015,0,1.0
5,6,1.984851419926,171.6333333333,2015,0,1.0
100,6,0.7336231814697,812.6333333333,2015,0,1.0
5,7,1.201820664108,172.1,2015,0,1.0
100,7,0.4487337078899,813.4,2015,0,1.0
5,8,1.995314359665,170.7333333333,2015,0,1.0
100,8,0.7039681430906,812.3,2015,0,1.0
5,9,3.885274842381,169.1,2015,0,1.0
100,9,1.201003566384,810.4333333333,2015,0,1.0
5,10,6.276931978762,168.6333333333,2015,0,1.0
100,10,2.024195920676,811.4333333333,2015,0,1.0
5,11,4.225034177303,169.9,2015,0,1.0
100,11,1.879273448139,809.2666666667,2015,0,1.0
5,12,2.931138277054,166.0333333333,2015,0,1.0
100,12,1.410019315779,811.1,2015,0,1.0
5,1,3.378934264183,162.0333333333,2016,0,1.0
100,1,1.295752256177,816.9,2016,0,1.0
5,2,3.287615209818,162.8333333333,2016,0,1.0
100,2,0.9997955588624,815.3333333333,2016,0,1.0
5,3,2.373501300812,164.0333333333,2016,0,1.0
100,3,0.8223751746118,813.7,2016,0,1.0
5,4,2.519797042012,164.1666666667,2016,0,1.0
100,4,0.9869714844972,813.6,2016,0,1.0
5,5,2.170391596854,162.5666666667,2016,0,1.0
100,5,0.7930228635669,813.1333333333,2016,0,1.0
5,6,1.795449972153,162.6333333333,2016,0,1.0
100,6,0.807257540524,813.8666666667,2016,0,1.0
5,7,1.485249251127,163.8333333333,2016,0,1.0
100,7,0.6874385736883,814.1333333333,2016,0,1.0
5,8,1.482233554125,164.1666666667,2016,0,1.0
100,8,0.7945210905746,811.6,2016,0,1.0
5,9,1.847540028393,164.6333333333,2016,0,1.0
100,9,1.678987964988,811.6,2016,0,1.0
5,10,3.141393452883,162.6666666667,2016,0,1.0
100,10,1.556567043066,812.9,2016,0,1.0
5,11,2.930821448565,161.9,2016,0,1.0
100,11,1.497190166265,812.6333333333,2016,0,1.0
5,12,5.349073648453,163.7666666667,2016,0,1.0
100,12,1.182925835252,812.5333333333,2016,0,1.0
5,1,3.102610856295,164.7,2017,0,1.0
100,1,1.156393980607,810.1333333333,2017,0,1.0
5,2,2.358065709472,170.2666666667,2017,0,1.0
100,2,0.8888109559193,807.6333333333,2017,0,1.0
5,3,1.74976028502,173.8333333333,2017,0,1.0
100,3,0.6639381535351,806.3,2017,0,1.0
5,4,1.893371745944,173.5,2017,0,1.0
100,4,0.740120026283,805.5,2017,0,1.0
5,5,1.824298352003,173.4,2017,0,1.0
100,5,0.5880530336872,806.9,2017,0,1.0
5,6,2.219688415527,175.4,2017,0,1.0
100,6,0.5744460653514,804.8333333333,2017,0,1.0
5,7,1.381267756224,176.1666666667,2017,0,1.0
100,7,0.6934577971697,807.0666666667,2017,0,1.0
5,8,0.8179272115231,178.5,2017,0,1.0
100,8,1.012755189091,804.9,2017,0,1.0
5,9,1.231490135193,177.8333333333,2017,0,1.0
100,9,1.696758419275,803.1,2017,0,1.0
5,10,1.849315054715,177.6333333333,2017,0,1.0
100,10,1.542636947706,804.4666666667,2017,0,1.0
5,11,2.396360859275,177.7,2017,0,1.0
100,11,1.297429146245,806.4666666667,2017,0,1.0
5,12,5.321908771992,176.0333333333,2017,0,1.0
100,12,1.09966983553,807.6666666667,2017,0,1.0
5,1,2.508112192154,174.6333333333,2018,0,1.0
100,1,1.057620663196,805.2666666667,2018,0,1.0
5,2,2.31456580013,173.4666666667,2018,0,1.0
100,2,0.9073207341135,804.5666666667,2018,0,1.0
5,3,2.358065709472,170.2666666667,2018,0,1.0
100,3,0.7544439751655,806.3333333333,2018,0,1.0
5,4,2.200505569577,171.4,2018,0,1.0
100,4,0.6058845669031,803.2333333333,2018,0,1.0
5,5,2.167624503374,174,2018,0,1.0
100,5,0.532868928276,799.1333333333,2018,0,1.0
5,6,1.262247830629,173.5,2018,0,1.0
100,6,0.4406927842647,800.6333333333,2018,0,1.0
5,7,0.7697469219565,173.8666666667,2018,0,1.0
100,7,0.485392510891,802.1,2018,0,1.0
5,8,0.9826923012733,173.3333333333,2018,0,1.0
100,8,0.7131573641673,801.8333333333,2018,0,1.0
5,9,1.051469184458,173.5666666667,2018,0,1.0
100,9,0.8487314581871,802.7666666667,2018,0,1.0
5,10,2.37830580771,173.9333333333,2018,0,1.0
100,10,1.618189340457,804.5,2018,0,1.0
5,11,2.363359436393,175.0333333333,2018,0,1.0
100,11,1.326341018081,807.2333333333,2018,0,1.0
5,12,5.954554259777,171.6333333333,2018,0,1.0
100,12,1.243943516165,811.8,2018,0,1.0
5,1,2.404026985168,177.1333333333,2015,0,4.0
100,1,1.141492685303,788.7333333333,2015,0,4.0
5,2,2.47644174099,176.8666666667,2015,0,4.0
100,2,0.9396893884987,789.8,2015,0,4.0
5,3,2.312787920237,173.6,2015,0,4.0
100,3,0.8127468125895,793.4,2015,0,4.0
5,4,2.054143317044,171.7666666667,2015,0,4.0
100,4,0.9022162426263,795.6333333333,2015,0,4.0
5,5,1.755820587277,173.2333333333,2015,0,4.0
100,5,0.643793027848,793.7333333333,2015,0,4.0
5,6,2.15277788043,175.2,2015,0,4.0
100,6,0.4759401064366,792.4666666667,2015,0,4.0
5,7,2.018497258425,174.8,2015,0,4.0
100,7,0.4154371451586,790.7333333333,2015,0,4.0
5,8,2.140965022147,176.1666666667,2015,0,4.0
100,8,0.4314785003662,789.5333333333,2015,0,4.0
5,9,3.85296869278,176.8333333333,2015,0,4.0
100,9,1.139614328742,790.0333333333,2015,0,4.0
5,10,4.780483096838,180.7,2015,0,4.0
100,10,1.575072957203,787.9,2015,0,4.0
5,11,4.018227823079,184.7,2015,0,4.0
100,11,1.640449438244,786.1666666667,2015,0,4.0
5,12,3.661984689534,182.7333333333,2015,0,4.0
100,12,1.251534551382,787.4333333333,2015,0,4.0
5,1,3.813932351768,181.8333333333,2016,0,4.0
100,1,1.324472557753,790,2016,0,4.0
5,2,2.834165230393,180.3,2016,0,4.0
100,2,1.248627430759,789.2666666667,2016,0,4.0
5,3,2.703202962875,180.0333333333,2016,0,4.0
100,3,0.9084581192583,790.1666666667,2016,0,4.0
5,4,3.492495194077,177.6666666667,2016,0,4.0
100,4,0.7692956365645,790.7666666667,2016,0,4.0
5,5,1.85209556669,177.3666666667,2016,0,4.0
100,5,0.6634960733354,788.5,2016,0,4.0
5,6,2.088498920202,174.7666666667,2016,0,4.0
100,6,0.6156700849533,790.4666666667,2016,0,4.0
5,7,2.060206979513,177.1666666667,2016,0,4.0
100,7,0.5686555122957,791.6333333333,2016,0,4.0
5,8,1.090977072716,178.4333333333,2016,0,4.0
100,8,0.7212225599214,792.8666666667,2016,0,4.0
5,9,2.188495397568,177.9,2016,0,4.0
100,9,1.011080307886,794.2,2016,0,4.0
5,10,2.56947003305,179.9333333333,2016,0,4.0
100,10,1.533033698797,793.6333333333,2016,0,4.0
5,11,2.66180485487,182.8333333333,2016,0,4.0
100,11,1.240558901802,794.4,2016,0,4.0
5,12,5.694750621915,181.6,2016,0,4.0
100,12,1.15360300988,791,2016,0,4.0
5,1,3.222958087921,181.2,2017,0,4.0
100,1,0.9870283603668,788.9,2017,0,4.0
5,2,2.668128609657,182.4,2017,0,4.0
100,2,0.8807094991207,787.4333333333,2017,0,4.0
5,3,3.271195665002,185.9666666667,2017,0,4.0
100,3,0.8362679947168,785.6333333333,2017,0,4.0
5,4,2.714235082269,188.2666666667,2017,0,4.0
100,4,0.6033313432708,786.4666666667,2017,0,4.0
5,5,1.621645689011,187.5666666667,2017,0,4.0
100,5,0.5095393080264,787.9666666667,2017,0,4.0
5,6,1.422497823834,188.1666666667,2017,0,4.0
100,6,0.4018972702324,787.1,2017,0,4.0
5,7,1.469712883234,190.4,2017,0,4.0
100,7,0.5546878315508,789.6333333333,2017,0,4.0
5,8,0.761209577322,191.8,2017,0,4.0
100,8,0.6151771917939,791.1,2017,0,4.0
5,9,1.565985940397,194.2333333333,2017,0,4.0
100,9,1.029770916328,791.6,2017,0,4.0
5,10,1.586160801351,199.4333333333,2017,0,4.0
100,10,1.231236308813,790.5333333333,2017,0,4.0
5,11,2.229651622474,201.9,2017,0,4.0
100,11,1.544189173728,787.9,2017,0,4.0
5,12,5.809812963009,203.1333333333,2017,0,4.0
100,12,0.9920163154602,784.9333333333,2017,0,4.0
5,1,3.377395808697,201.7333333333,2018,0,4.0
100,1,0.995313167572,782.3333333333,2018,0,4.0
5,2,3.137535911053,197.7666666667,2018,0,4.0
100,2,0.7747495546937,785.2,2018,0,4.0
5,3,3.042184114456,195.9666666667,2018,0,4.0
100,3,0.7436648458242,785.3,2018,0,4.0
5,4,2.691018775105,198.9333333333,2018,0,4.0
100,4,0.5118344351649,784.4333333333,2018,0,4.0
5,5,2.25233483687,199.8666666667,2018,0,4.0
100,5,0.6667374670506,784.6666666667,2018,0,4.0
5,6,1.872104529291,201.4666666667,2018,0,4.0
100,6,0.6665392750874,784.9,2018,0,4.0
5,7,0.9352579526603,195.1333333333,2018,0,4.0
100,7,0.3999831471592,790.8666666667,2018,0,4.0
5,8,0.8301259428263,190.5333333333,2018,0,4.0
100,8,0.7970770820975,793.7333333333,2018,0,4.0
5,9,1.322007581592,193.2666666667,2018,0,4.0
100,9,0.9831236004829,792.0333333333,2018,0,4.0
5,10,1.614494733512,195.9333333333,2018,0,4.0
100,10,1.513177338988,787.9666666667,2018,0,4.0
5,11,2.984667778015,195.6666666667,2018,0,4.0
100,11,1.359864540398,787.3333333333,2018,0,4.0
5,12,6.05181312561,193,2018,0,4.0
100,12,1.362460263073,785.8333333333,2018,0,4.0
5,1,2.856025137007,149.1,2015,0,9.0
100,1,1.217595733702,829.3666666667,2015,0,9.0
5,2,2.515003375709,149.9666666667,2015,0,9.0
100,2,1.110088411719,832.9666666667,2015,0,9.0
5,3,2.530753776431,149.0333333333,2015,0,9.0
100,3,1.064607609063,834.2666666667,2015,0,9.0
5,4,1.778516039252,150.5,2015,0,9.0
100,4,0.786104567349,835.7666666667,2015,0,9.0
5,5,2.072052404284,152.6666666667,2015,0,9.0
100,5,0.8016532193869,834.7333333333,2015,0,9.0
5,6,1.909328699112,152.9333333333,2015,0,9.0
100,6,0.757896412164,834.7666666667,2015,0,9.0
5,7,0.9515533447266,153.4333333333,2015,0,9.0
100,7,0.5544230006635,833.9,2015,0,9.0
5,8,1.107498958707,153.8,2015,0,9.0
100,8,0.5984803065658,833.5,2015,0,9.0
5,9,2.546881914139,152.8666666667,2015,0,9.0
100,9,1.269539837725,833.7666666667,2015,0,9.0
5,10,4.5277473405,153.1666666667,2015,0,9.0
100,10,1.563889030367,832.4333333333,2015,0,9.0
5,11,5.320931360126,153.2,2015,0,9.0
100,11,1.653371234424,831.5333333333,2015,0,9.0
5,12,3.596829399467,155.6,2015,0,9.0
100,12,1.410230576992,828.2333333333,2015,0,9.0
5,1,3.741191625595,156.1,2016,0,9.0
100,1,1.276788258925,829.0333333333,2016,0,9.0
5,2,3.432101398706,152.4333333333,2016,0,9.0
100,2,1.168000027537,833.3333333333,2016,0,9.0
5,3,3.093220368028,149.4666666667,2016,0,9.0
100,3,1.179580279626,835.4666666667,2016,0,9.0
5,4,3.094565235078,153.3333333333,2016,0,9.0
100,4,1.019797232002,835.1333333333,2016,0,9.0
5,5,1.58111333847,153.9,2016,0,9.0
100,5,0.902024846524,836.2666666667,2016,0,9.0
5,6,2.374756112695,153.7,2016,0,9.0
100,6,0.8623313345015,832.4333333333,2016,0,9.0
5,7,1.502057671547,153.9,2016,0,9.0
100,7,0.5717326579615,829.9333333333,2016,0,9.0
5,8,1.029730945826,153.6,2016,0,9.0
100,8,0.6029654638842,827.3,2016,0,9.0
5,9,1.531682759523,158.8666666667,2016,0,9.0
100,9,1.21144663915,823.5333333333,2016,0,9.0
5,10,2.127393901348,160.1333333333,2016,0,9.0
100,10,1.372679885477,824.3,2016,0,9.0
5,11,2.356800690293,160.0333333333,2016,0,9.0
100,11,1.457703050226,826.3,2016,0,9.0
5,12,3.852441899478,161.0666666667,2016,0,9.0
100,12,1.411878436804,827.2666666667,2016,0,9.0
5,1,3.244779758155,161.2333333333,2017,0,9.0
100,1,1.296206638217,826,2017,0,9.0
5,2,2.692622959614,162.6666666667,2017,0,9.0
100,2,1.016097784974,826.2,2017,0,9.0
5,3,2.180226527154,161.8333333333,2017,0,9.0
100,3,0.9602930676192,823.5333333333,2017,0,9.0
5,4,2.287707306445,164.8666666667,2017,0,9.0
100,4,0.828603848815,822.2666666667,2017,0,9.0
5,5,1.907154366374,165.8666666667,2017,0,9.0
100,5,0.859102325514,821.4,2017,0,9.0
5,6,2.197030484676,166.1333333333,2017,0,9.0
100,6,0.7563691260293,820.3666666667,2017,0,9.0
5,7,1.448412686586,168,2017,0,9.0
100,7,0.7578163258731,818.8,2017,0,9.0
5,8,1.197645194829,172.7,2017,0,9.0
100,8,0.9231082983315,817.1666666667,2017,0,9.0
5,9,0.9121491760015,173.4,2017,0,9.0
100,9,1.072959646583,816.4333333333,2017,0,9.0
5,10,1.607006117702,174.1333333333,2017,0,9.0
100,10,1.51048924122,813.5333333333,2017,0,9.0
5,11,1.994911402464,176.8666666667,2017,0,9.0
100,11,1.524819798768,813.8666666667,2017,0,9.0
5,12,5.748031675816,177.8,2017,0,9.0
100,12,1.240378296003,814.1333333333,2017,0,9.0
5,1,3.285821557045,177.7333333333,2018,0,9.0
100,1,1.110425887629,810.8,2018,0,9.0
5,2,2.325712069869,177.8666666667,2018,0,9.0
100,2,0.7679455373436,808,2018,0,9.0
5,3,2.303940318525,174.2666666667,2018,0,9.0
100,3,0.780042745173,811.0666666667,2018,0,9.0
5,4,1.987553417683,171.4,2018,0,9.0
100,4,0.6600904241204,811,2018,0,9.0
5,5,1.412812024355,172.2333333333,2018,0,9.0
100,5,0.7211657166481,809.8,2018,0,9.0
5,6,1.126108765602,172.8666666667,2018,0,9.0
100,6,0.5106575433165,810.0666666667,2018,0,9.0
5,7,0.6277470141649,174.4333333333,2018,0,9.0
100,7,0.3753753844649,810.3,2018,0,9.0
5,8,0.7744984254241,172.8,2018,0,9.0
100,8,0.7336833737791,812.5666666667,2018,0,9.0
5,9,0.6417268887162,170.6333333333,2018,0,9.0
100,9,0.7463907357305,815.0333333333,2018,0,9.0
5,10,1.205088362098,171.6333333333,2018,0,9.0
100,10,1.421456076205,813.1333333333,2018,0,9.0
5,11,2.283845186234,175.8,2018,0,9.0
100,11,1.63227207493,812.4666666667,2018,0,9.0
5,12,5.570981703699,181.2666666667,2018,0,9.0
100,12,1.452930046245,812.2666666667,2018,0,9.0
5,1,3.334504723549,189.7333333333,2015,0,6.0
100,1,1.235959690064,807.2,2015,0,6.0
5,2,1.755745656788,187.1,2015,0,6.0
100,2,1.185162352398,811,2015,0,6.0
5,3,2.425466865301,185.6,2015,0,6.0
100,3,0.6123409131542,814.6333333333,2015,0,6.0
5,4,2.313892506063,184.0333333333,2015,0,6.0
100,4,0.7902369303629,816,2015,0,6.0
5,5,1.791166909039,183.4,2015,0,6.0
100,5,0.5371157750487,815.4666666667,2015,0,6.0
5,6,1.358645111322,179.1,2015,0,6.0
100,6,0.64095232822,816.2333333333,2015,0,6.0
5,7,1.902457177639,179.0666666667,2015,0,6.0
100,7,0.8056077808142,815.5333333333,2015,0,6.0
5,8,2.181274965405,184.0666666667,2015,0,6.0
100,8,0.6274044346064,814.4666666667,2015,0,6.0
5,9,4.071608275175,185.2666666667,2015,0,6.0
100,9,1.225484153256,814.1,2015,0,6.0
5,10,4.676156759262,187.3333333333,2015,0,6.0
100,10,1.656242293306,815.4,2015,0,6.0
5,11,3.783059373498,186.5333333333,2015,0,6.0
100,11,1.372124366462,815.7666666667,2015,0,6.0
5,12,3.545638002455,181.8666666667,2015,0,6.0
100,12,1.180069600232,814.5,2015,0,6.0
5,1,2.50092586875,180,2016,0,6.0
100,1,1.46125250496,815.9666666667,2016,0,6.0
5,2,3.649999916553,180,2016,0,6.0
100,2,0.849079686217,816.7666666667,2016,0,6.0
5,3,2.594948470592,178.1666666667,2016,0,6.0
100,3,1.04014005512,818.8,2016,0,6.0
5,4,2.458832234144,178.1333333333,2016,0,6.0
100,4,0.9195449240506,820.3333333333,2016,0,6.0
5,5,1.92069169879,177.3666666667,2016,0,6.0
100,5,0.7715760879219,819.9666666667,2016,0,6.0
5,6,2.089295983315,174.7,2016,0,6.0
100,6,0.6226897984743,820.6333333333,2016,0,6.0
5,7,1.512241050601,177,2016,0,6.0
100,7,0.6542018167675,818.3,2016,0,6.0
5,8,1.672074794769,174.6333333333,2016,0,6.0
100,8,0.6372310128063,821,2016,0,6.0
5,9,1.675592958927,174.2666666667,2016,0,6.0
100,9,1.26956525445,824.1666666667,2016,0,6.0
5,10,3.059229031205,178.9666666667,2016,0,6.0
100,10,1.359459158033,823.3666666667,2016,0,6.0
5,11,2.603328354657,182.2666666667,2016,0,6.0
100,11,1.512246653438,820.6333333333,2016,0,6.0
5,12,3.971708267927,183.8,2016,0,6.0
100,12,1.007100809366,821.5,2016,0,6.0
5,1,3.82820956409,184.3333333333,2017,0,6.0
100,1,1.136198277585,824.5333333333,2017,0,6.0
5,2,2.274977192283,181.8333333333,2017,0,6.0
100,2,1.044959672727,826.6666666667,2017,0,6.0
5,3,2.864885017276,178.3666666667,2017,0,6.0
100,3,0.9709403235465,827.0333333333,2017,0,6.0
5,4,2.498573988676,175.3,2017,0,6.0
100,4,0.763844192028,828.2666666667,2017,0,6.0
5,5,1.606698520482,174.1666666667,2017,0,6.0
100,5,0.6474501267076,826.8333333333,2017,0,6.0
5,6,1.512525931001,176.9666666667,2017,0,6.0
100,6,0.6049886932597,824.5333333333,2017,0,6.0
5,7,1.500373765826,178.4,2017,0,6.0
100,7,0.5787997115403,819.8,2017,0,6.0
5,8,0.8841065913439,178.9,2017,0,6.0
100,8,0.8617601636797,818.8666666667,2017,0,6.0
5,9,0.8765933513641,180.4333333333,2017,0,6.0
100,9,1.384436560795,817.3,2017,0,6.0
5,10,1.598248422146,182.7,2017,0,6.0
100,10,1.399608369917,817.1333333333,2017,0,6.0
5,11,2.167146340013,185.2666666667,2017,0,6.0
100,11,1.521517015994,815.6333333333,2017,0,6.0
5,12,5.641625016928,185.4666666667,2017,0,6.0
100,12,1.234968007542,817.7,2017,0,6.0
5,1,3.410613656044,189.0666666667,2018,0,6.0
100,1,0.9796266965568,819.7,2018,0,6.0
5,2,2.585968635976,192.9,2018,0,6.0
100,2,0.9364691711962,818.5,2018,0,6.0
5,3,2.934485148638,194.8666666667,2018,0,6.0
100,3,0.7757704555988,815.5333333333,2018,0,6.0
5,4,3.34399292618,192.8333333333,2018,0,6.0
100,4,0.8332314267755,817.7,2018,0,6.0
5,5,2.655465066433,192.4333333333,2018,0,6.0
100,5,0.5365674309433,816.3,2018,0,6.0
5,6,1.565180160105,194.3333333333,2018,0,6.0
100,6,0.5815663626418,815.9,2018,0,6.0
5,7,1.505413234234,193.9666666667,2018,0,6.0
100,7,0.5969661101699,815.2333333333,2018,0,6.0
5,8,0.8088987395167,195.5333333333,2018,0,6.0
100,8,0.6263022366911,815.9,2018,0,6.0
5,9,1.171057049185,197.4,2018,0,6.0
100,9,1.329826450907,814.2666666667,2018,0,6.0
5,10,2.042217761278,196.6,2018,0,6.0
100,10,1.34224075824,815.8,2018,0,6.0
5,11,2.456671744585,198.1,2018,0,6.0
100,11,1.790312714875,815.5,2018,0,6.0
5,12,5.871983572841,194.7666666667,2018,0,6.0
100,12,1.22113420628,817,2018,0,6.0
5,1,2.909374460578,192.3666666667,2015,0,5.0
100,1,1.251046219841,836.3666666667,2015,0,5.0
5,2,3.152530640364,192.9666666667,2015,0,5.0
100,2,0.8557520220056,838.8333333333,2015,0,5.0
5,3,2.895826131105,193.2666666667,2015,0,5.0
100,3,0.9842176139355,840.6,2015,0,5.0
5,4,2.390966951847,193.3666666667,2015,0,5.0
100,4,0.7674455475062,840.2333333333,2015,0,5.0
5,5,1.94082339853,194.3333333333,2015,0,5.0
100,5,0.65406978596,837.0666666667,2015,0,5.0
5,6,1.640449360013,192.8333333333,2015,0,5.0
100,6,0.5520617626607,837.4666666667,2015,0,5.0
5,7,0.9573351591825,190.6333333333,2015,0,5.0
100,7,0.4792885193601,837.7,2015,0,5.0
5,8,2.859505712986,191.4666666667,2015,0,5.0
100,8,0.7726873429492,834.5333333333,2015,0,5.0
5,9,3.886367514729,190.9666666667,2015,0,5.0
100,9,1.241993596777,832.6666666667,2015,0,5.0
5,10,4.785839281976,190.6666666667,2015,0,5.0
100,10,1.46480454132,830.6,2015,0,5.0
5,11,3.314636617899,187.2,2015,0,5.0
100,11,1.624173154123,831.5,2015,0,5.0
5,12,2.989080883563,183.1666666667,2015,0,5.0
100,12,1.502177635208,834.2333333333,2015,0,5.0
5,1,3.476827204227,181.9666666667,2016,0,5.0
100,1,1.556534250267,836.3666666667,2016,0,5.0
5,2,3.684162087739,181.6333333333,2016,0,5.0
100,2,1.383623979054,835.3666666667,2016,0,5.0
5,3,3.048293247819,183.6,2016,0,5.0
100,3,1.093774940819,834.2666666667,2016,0,5.0
5,4,1.654278486967,183.8666666667,2016,0,5.0
100,4,1.076653236523,836.2333333333,2016,0,5.0
5,5,2.310126461089,184.3333333333,2016,0,5.0
100,5,0.9586152099073,837.6666666667,2016,0,5.0
5,6,2.277482017875,181.6333333333,2016,0,5.0
100,6,0.7684515556321,839.1333333333,2016,0,5.0
5,7,1.069792985916,181.9666666667,2016,0,5.0
100,7,0.6380358375609,839.0333333333,2016,0,5.0
5,8,0.9284156709909,183.4666666667,2016,0,5.0
100,8,0.7546719759703,838.3333333333,2016,0,5.0
5,9,1.203517109156,181.9666666667,2016,0,5.0
100,9,1.349218935706,838.6333333333,2016,0,5.0
5,10,1.79737367481,182.7666666667,2016,0,5.0
100,10,1.460694145411,841.2666666667,2016,0,5.0
5,11,2.617209009826,181.3,2016,0,5.0
100,11,1.376046659425,839.9666666667,2016,0,5.0
5,12,4.666006222367,185.1333333333,2016,0,5.0
100,12,1.2481609229,838.3,2016,0,5.0
5,1,2.662811487913,187.3333333333,2017,0,5.0
100,1,1.24035501387,833.7666666667,2017,0,5.0
5,2,2.512797832489,188.8333333333,2017,0,5.0
100,2,0.8038038061932,832.5,2017,0,5.0
5,3,1.810451775789,188.1666666667,2017,0,5.0
100,3,0.7723171422258,834.9333333333,2017,0,5.0
5,4,1.659671127796,190.6,2017,0,5.0
100,4,0.6999600380659,834.3333333333,2017,0,5.0
5,5,1.58612895757,191.7666666667,2017,0,5.0
100,5,0.61217154935,834.7333333333,2017,0,5.0
5,6,1.414479538798,189.2333333333,2017,0,5.0
100,6,0.6836295397952,836.4666666667,2017,0,5.0
5,7,1.342405229807,181.2666666667,2017,0,5.0
100,7,0.7103988071904,839.2,2017,0,5.0
5,8,1.428438328207,178.8666666667,2017,0,5.0
100,8,1.013366114348,840.4333333333,2017,0,5.0
5,9,1.294809490442,178.5333333333,2017,0,5.0
100,9,1.243710113689,841.3,2017,0,5.0
5,10,1.57327581197,177.8666666667,2017,0,5.0
100,10,1.448412705213,840,2017,0,5.0
5,11,2.008805796504,181.7,2017,0,5.0
100,11,1.203376363032,839.1666666667,2017,0,5.0
5,12,5.23131351918,183.7333333333,2017,0,5.0
100,12,1.378782414831,838.3,2017,0,5.0
5,1,2.955199554563,185.2666666667,2018,0,5.0
100,1,1.092378306203,835.3333333333,2018,0,5.0
5,2,2.139051608741,187.7,2018,0,5.0
100,2,0.773830967024,833.3,2018,0,5.0
5,3,2.546511523426,186.3333333333,2018,0,5.0
100,3,0.6430430449545,832.5,2018,0,5.0
5,4,2.234425514936,185.1333333333,2018,0,5.0
100,4,0.8482929877937,831.8666666667,2018,0,5.0
5,5,1.715163528919,184.4333333333,2018,0,5.0
100,5,0.525894485414,832.8666666667,2018,0,5.0
5,6,1.576673805714,185.2,2018,0,5.0
100,6,0.5256630778313,833.2333333333,2018,0,5.0
5,7,1.565124213696,186.5666666667,2018,0,5.0
100,7,0.4968372099102,832.6,2018,0,5.0
5,8,0.7135241031647,187.5666666667,2018,0,5.0
100,8,0.6699652951211,835.3666666667,2018,0,5.0
5,9,1.50501973182,185.9333333333,2018,0,5.0
100,9,1.044349059463,838.8,2018,0,5.0
5,10,1.18229265511,185.2333333333,2018,0,5.0
100,10,1.345475435257,840.9666666667,2018,0,5.0
5,11,1.904804833233,185.2333333333,2018,0,5.0
100,11,1.450427155942,838.8333333333,2018,0,5.0
5,12,5.810419976711,184.2666666667,2018,0,5.0
100,12,1.410557774827,836.6666666667,2018,0,5.0
5,1,2.263565868139,150.5,2015,0,11.0
100,1,0.9651055410504,832.0333333333,2015,0,11.0
5,2,2.253086350858,145.8,2015,0,11.0
100,2,0.786386853084,835.4666666667,2015,0,11.0
5,3,1.526132404804,143.5,2015,0,11.0
100,3,0.7408365570009,837.5666666667,2015,0,11.0
5,4,1.638705119491,141.0666666667,2015,0,11.0
100,4,0.5978108989075,834.4333333333,2015,0,11.0
5,5,1.141448184848,138.5666666667,2015,0,11.0
100,5,0.5538473781198,834.7666666667,2015,0,11.0
5,6,1.446977257729,134.5333333333,2015,0,11.0
100,6,0.4504917059094,837.2333333333,2015,0,11.0
5,7,2.105593107641,132.9,2015,0,11.0
100,7,0.5227978080511,837.8,2015,0,11.0
5,8,2.024710074067,132.2,2015,0,11.0
100,8,0.5653969757259,839.2333333333,2015,0,11.0
5,9,4.980154000223,134.3666666667,2015,0,11.0
100,9,1.40629967954,839.2,2015,0,11.0
5,10,3.848700344563,135.9333333333,2015,0,11.0
100,10,2.310126554221,837.4,2015,0,11.0
5,11,2.89252114296,134.6,2015,0,11.0
100,11,1.741827763617,838.2,2015,0,11.0
5,12,2.844617605209,136.8666666667,2015,0,11.0
100,12,1.432450689375,840.8666666667,2015,0,11.0
5,1,3.070913441479,138.6666666667,2016,0,11.0
100,1,1.160065159202,839.0333333333,2016,0,11.0
5,2,3.307105496526,139.8,2016,0,11.0
100,2,1.018983824179,835.8,2016,0,11.0
5,3,2.610250264406,139.8333333333,2016,0,11.0
100,3,0.9321628212929,835.3333333333,2016,0,11.0
5,4,2.151615172625,141.3666666667,2016,0,11.0
100,4,0.9454074548557,836.5,2016,0,11.0
5,5,2.16694381088,140.3666666667,2016,0,11.0
100,5,0.6386955454946,838.1666666667,2016,0,11.0
5,6,1.121219292283,141.0666666667,2016,0,11.0
100,6,0.670393275097,834.8333333333,2016,0,11.0
5,7,1.299857497215,140.4,2016,0,11.0
100,7,0.5558004248887,831.8333333333,2016,0,11.0
5,8,1.321187205613,138.1333333333,2016,0,11.0
100,8,0.5554665531963,832.3333333333,2016,0,11.0
5,9,2.465026587248,138.2,2016,0,11.0
100,9,1.650063979439,833.2,2016,0,11.0
5,10,2.944267943501,136.3666666667,2016,0,11.0
100,10,1.746968775988,835.7333333333,2016,0,11.0
5,11,2.505918547511,140.8,2016,0,11.0
100,11,1.513798043132,835.8666666667,2016,0,11.0
5,12,5.390295580029,142.2,2016,0,11.0
100,12,1.149675024673,836.0333333333,2016,0,11.0
5,1,2.763248495758,145.3,2017,0,11.0
100,1,0.9160989671946,836.7,2017,0,11.0
5,2,2.181609138846,145,2017,0,11.0
100,2,0.8590976428241,835.5666666667,2017,0,11.0
5,3,2.523041367531,144.6666666667,2017,0,11.0
100,3,0.5541350301355,834.3333333333,2017,0,11.0
5,4,1.838790863752,145.5666666667,2017,0,11.0
100,4,0.73272571899,830.2333333333,2017,0,11.0
5,5,2.152903854847,146.9333333333,2017,0,11.0
100,5,0.5445125484839,826.7333333333,2017,0,11.0
5,6,1.639344245195,148.4333333333,2017,0,11.0
100,6,0.3383170785382,827.1333333333,2017,0,11.0
5,7,1.151679083705,147.9,2017,0,11.0
100,7,0.6185691710562,826.1,2017,0,11.0
5,8,1.216126196086,150.0666666667,2017,0,11.0
100,8,0.9449073672295,824.0666666667,2017,0,11.0
5,9,1.554584175348,148.7,2017,0,11.0
100,9,1.150954099372,824.5333333333,2017,0,11.0
5,10,2.321671962738,146.7333333333,2017,0,11.0
100,10,1.592984721065,824.8666666667,2017,0,11.0
5,11,2.665412731469,150.6333333333,2017,0,11.0
100,11,1.47982975468,822.1666666667,2017,0,11.0
5,12,5.301322221756,153.7666666667,2017,0,11.0
100,12,1.231654243544,819.9,2017,0,11.0
5,1,2.471063561738,152.6333333333,2018,0,11.0
100,1,0.990321515128,823.1333333333,2018,0,11.0
5,2,2.416151762009,151.0666666667,2018,0,11.0
100,2,0.67513772659,828.9666666667,2018,0,11.0
5,3,2.529056854546,149.1333333333,2018,0,11.0
100,3,0.9808286270127,831.1,2018,0,11.0
5,4,2.559158563614,152.1333333333,2018,0,11.0
100,4,0.7461220733821,831.6333333333,2018,0,11.0
5,5,2.062595039606,153.3666666667,2018,0,11.0
100,5,0.4397413786501,830.0333333333,2018,0,11.0
5,6,1.82857773453,153.0333333333,2018,0,11.0
100,6,0.4709297716618,826.7333333333,2018,0,11.0
5,7,1.561163365841,155.8666666667,2018,0,11.0
100,7,0.500262029469,826.9,2018,0,11.0
5,8,0.6131877303123,158.7333333333,2018,0,11.0
100,8,0.5749888876453,825.2333333333,2018,0,11.0
5,9,1.317969411612,156.9333333333,2018,0,11.0
100,9,0.8847412280738,825.1,2018,0,11.0
5,10,2.061698913574,153.4333333333,2018,0,11.0
100,10,1.340503642336,825.9333333333,2018,0,11.0
5,11,2.518922440708,149.7333333333,2018,0,11.0
100,11,1.531386114657,826.2666666667,2018,0,11.0
5,12,6.413353681564,151.7666666667,2018,0,11.0
100,12,1.383021609858,826.9333333333,2018,0,11.0
5,1,2.697223812342,166.9,2015,0,14.0
100,1,1.344856147654,805.1666666667,2015,0,14.0
5,2,2.381376072764,168.6,2015,0,14.0
100,2,1.016079412773,802.2666666667,2015,0,14.0
5,3,3.005882486701,170,2015,0,14.0
100,3,0.8045331444591,801.5,2015,0,14.0
5,4,2.014189958572,169.1333333333,2015,0,14.0
100,4,0.9103757701814,801.8666666667,2015,0,14.0
5,5,1.603114455938,166.9666666667,2015,0,14.0
100,5,0.7711906582117,804.6,2015,0,14.0
5,6,1.622550085187,164.9666666667,2015,0,14.0
100,6,0.588490636088,806.3,2015,0,14.0
5,7,1.251008011401,165.3333333333,2015,0,14.0
100,7,0.5275655444711,807.1666666667,2015,0,14.0
5,8,1.752350449562,166.6333333333,2015,0,14.0
100,8,0.7557248696685,804.9666666667,2015,0,14.0
5,9,4.076585710049,167.1333333333,2015,0,14.0
100,9,1.197218193673,802.8333333333,2015,0,14.0
5,10,3.98155476898,168.0666666667,2015,0,14.0
100,10,1.52038987726,800.2333333333,2015,0,14.0
5,11,4.158318638802,169.7,2015,0,14.0
100,11,1.718541711569,800,2015,0,14.0
5,12,2.910912424326,171.3666666667,2015,0,14.0
100,12,1.364882793278,802.2666666667,2015,0,14.0
5,1,3.164130225778,173.0333333333,2016,0,14.0
100,1,1.061266884208,802.5,2016,0,14.0
5,2,2.853234410286,170.5666666667,2016,0,14.0
100,2,1.310673588887,807.6,2016,0,14.0
5,3,2.338806629181,166.4666666667,2016,0,14.0
100,3,0.9311607666314,810.1,2016,0,14.0
5,4,2.125501982868,166,2016,0,14.0
100,4,0.8123480379581,808.7666666667,2016,0,14.0
5,5,1.626493826509,164.5666666667,2016,0,14.0
100,5,0.7964510703459,809.6333333333,2016,0,14.0
5,6,1.858073659241,163.7,2016,0,14.0
100,6,0.826063673012,810.0666666667,2016,0,14.0
5,7,0.9524287432432,166.0666666667,2016,0,14.0
100,7,0.6157169332728,810.1666666667,2016,0,14.0
5,8,1.092378236353,167.0666666667,2016,0,14.0
100,8,0.7966806441545,809.4,2016,0,14.0
5,9,1.885929971933,167.7333333333,2016,0,14.0
100,9,1.267623122782,806.2333333333,2016,0,14.0
5,10,2.706955291331,166.3,2016,0,14.0
100,10,1.599090712145,806.5,2016,0,14.0
5,11,3.253646582365,164.5333333333,2016,0,14.0
100,11,1.601075975224,805.5,2016,0,14.0
5,12,4.438589215279,164.4666666667,2016,0,14.0
100,12,1.027615591884,805.1,2016,0,14.0
5,1,2.125501982868,166,2017,0,14.0
100,1,1.03017475456,803.1,2017,0,14.0
5,2,2.9116384238,162.9666666667,2017,0,14.0
100,2,0.9529631221667,804.3333333333,2017,0,14.0
5,3,2.576643899083,165.2666666667,2017,0,14.0
100,3,0.7567276246846,803.9,2017,0,14.0
5,4,2.65830463171,164.7666666667,2017,0,14.0
100,4,0.8195766750723,801.6333333333,2017,0,14.0
5,5,1.774716317654,164.5333333333,2017,0,14.0
100,5,0.5909091085196,803,2017,0,14.0
5,6,1.032531872392,164.9666666667,2017,0,14.0
100,6,0.6498426534235,805.0666666667,2017,0,14.0
5,7,1.563966505229,163.3666666667,2017,0,14.0
100,7,0.6639381535351,806.3,2017,0,14.0
5,8,1.333198025823,164.2666666667,2017,0,14.0
100,8,0.9694555401802,803.2,2017,0,14.0
5,9,1.445393905044,159.9333333333,2017,0,14.0
100,9,1.417124412954,807.0333333333,2017,0,14.0
5,10,1.676059246063,159.7,2017,0,14.0
100,10,1.600877152756,805.6,2017,0,14.0
5,11,2.515138976276,159.6333333333,2017,0,14.0
100,11,1.197516538203,802.6333333333,2017,0,14.0
5,12,4.916326448321,163.3333333333,2017,0,14.0
100,12,1.15660437569,799.4666666667,2017,0,14.0
5,1,3.179056115448,164.5666666667,2018,0,14.0
100,1,0.9707043170929,802.1666666667,2018,0,14.0
5,2,2.581651642919,160.2333333333,2018,0,14.0
100,2,0.7409171750769,804.6333333333,2018,0,14.0
5,3,2.767480999231,158.2666666667,2018,0,14.0
100,3,0.8462716639042,805.1,2018,0,14.0
5,4,1.853968262672,157.5,2018,0,14.0
100,4,0.4519191104919,807.6666666667,2018,0,14.0
5,5,1.888451911509,161.0666666667,2018,0,14.0
100,5,0.5740181263536,805.4333333333,2018,0,14.0
5,6,1.742786042392,160.5666666667,2018,0,14.0
100,6,0.4376317923889,806.2333333333,2018,0,14.0
5,7,1.210111856461,160.8666666667,2018,0,14.0
100,7,0.6044046953321,805.2,2018,0,14.0
5,8,0.9813857600093,161.1666666667,2018,0,14.0
100,8,0.544144436717,804.9333333333,2018,0,14.0
5,9,0.4470300078392,163.3,2018,0,14.0
100,9,0.9821983100846,805.1666666667,2018,0,14.0
5,10,1.612773671746,165.9666666667,2018,0,14.0
100,10,1.453399121761,803.6333333333,2018,0,14.0
5,11,2.21515263617,170.2666666667,2018,0,14.0
100,11,1.485835336149,802.4666666667,2018,0,14.0
5,12,6.703654289246,174.2333333333,2018,0,14.0
100,12,1.242475828156,802.9666666667,2018,0,14.0
5,1,2.454156540334,163.6,2015,0,10.0
100,1,1.066745672375,844,2015,0,10.0
5,2,2.057580053806,165.5666666667,2015,0,10.0
100,2,0.9666771832854,843.2666666667,2015,0,10.0
5,3,1.988097645342,165.2333333333,2015,0,10.0
100,3,1.037382088602,844.4333333333,2015,0,10.0
5,4,2.083163499832,163.5333333333,2015,0,10.0
100,4,0.689546585083,846.9333333333,2015,0,10.0
5,5,1.189409375191,163.6666666667,2015,0,10.0
100,5,0.4460871173069,845.5,2015,0,10.0
5,6,1.040733203292,163.6666666667,2015,0,10.0
100,6,0.3753658812493,842.7333333333,2015,0,10.0
5,7,1.024253353477,166.3,2015,0,10.0
100,7,0.4629592895508,840.9666666667,2015,0,10.0
5,8,1.730541229248,168.7333333333,2015,0,10.0
100,8,0.5359339620918,839.9666666667,2015,0,10.0
5,9,2.296500205994,169.5333333333,2015,0,10.0
100,9,1.115454839543,839.8666666667,2015,0,10.0
5,10,4.140550039709,173.3666666667,2015,0,10.0
100,10,1.49608018063,837.6333333333,2015,0,10.0
5,11,3.184749543667,175.7333333333,2015,0,10.0
100,11,2.185803232715,834.9333333333,2015,0,10.0
5,12,3.204198598862,174.6666666667,2015,0,10.0
100,12,1.394682347775,837.4666666667,2015,0,10.0
5,1,3.418883308768,177.9333333333,2016,0,10.0
100,1,1.281672738492,835.3666666667,2016,0,10.0
5,2,2.962438747287,176.6,2016,0,10.0
100,2,0.992839731276,833.3,2016,0,10.0
5,3,2.436491847038,179.7666666667,2016,0,10.0
100,3,1.05580329895,829.7,2016,0,10.0
5,4,2.934193208814,178.3,2016,0,10.0
100,4,1.057247467339,828.5666666667,2016,0,10.0
5,5,1.823246866465,173.5,2016,0,10.0
100,5,0.8309369590133,834.6,2016,0,10.0
5,6,2.341562971473,171.4666666667,2016,0,10.0
100,6,0.5819283425808,836.3,2016,0,10.0
5,7,1.117275714874,174.2333333333,2016,0,10.0
100,7,0.4953103251755,835.1666666667,2016,0,10.0
5,8,1.123076915741,173.3333333333,2016,0,10.0
100,8,0.685898207128,833.7,2016,0,10.0
5,9,1.279205560684,171.2,2016,0,10.0
100,9,0.7705329228193,836.8666666667,2016,0,10.0
5,10,1.753458939493,173.4666666667,2016,0,10.0
100,10,1.397909492254,835.5333333333,2016,0,10.0
5,11,1.713950335979,170.3666666667,2016,0,10.0
100,11,1.296495811082,835.2,2016,0,10.0
5,12,5.243014343083,169.4,2016,0,10.0
100,12,1.209188146517,835.1333333333,2016,0,10.0
5,1,2.214285813272,170.3333333333,2017,0,10.0
100,1,1.09159424901,835.9333333333,2017,0,10.0
5,2,1.971394255757,166.6333333333,2017,0,10.0
100,2,1.090637454763,836.6666666667,2017,0,10.0
5,3,1.912920877337,165.3666666667,2017,0,10.0
100,3,0.7434996441007,834.5666666667,2017,0,10.0
5,4,1.909456670284,165.6666666667,2017,0,10.0
100,4,0.7013049423695,832.7333333333,2017,0,10.0
5,5,1.259131468832,164.2666666667,2017,0,10.0
100,5,0.5691268024966,833.7333333333,2017,0,10.0
5,6,1.997770093381,164.4333333333,2017,0,10.0
100,6,0.4375099763274,834.2666666667,2017,0,10.0
5,7,0.812588557601,164.7,2017,0,10.0
100,7,0.5564470756799,830.8666666667,2017,0,10.0
5,8,0.6023102402687,161.6,2017,0,10.0
100,8,0.8193370103836,831.5666666667,2017,0,10.0
5,9,0.8422488197684,158.9,2017,0,10.0
100,9,1.063248218037,835.3333333333,2017,0,10.0
5,10,1.247596621513,156.0333333333,2017,0,10.0
100,10,1.76839684695,839.3666666667,2017,0,10.0
5,11,1.573615074158,154.6333333333,2017,0,10.0
100,11,1.493702553213,838.9666666667,2017,0,10.0
5,12,4.751573055983,153.6333333333,2017,0,10.0
100,12,1.230564839207,840.4,2017,0,10.0
5,1,2.334754765034,156.3333333333,2018,0,10.0
100,1,1.160065159202,839.0333333333,2018,0,10.0
5,2,2.826414227486,154.9666666667,2018,0,10.0
100,2,0.954740004614,841.0666666667,2018,0,10.0
5,3,2.726787626743,156.1666666667,2018,0,10.0
100,3,0.9584245383739,837.8333333333,2018,0,10.0
5,4,2.248300760984,156.9333333333,2018,0,10.0
100,4,0.5527438037097,836.4333333333,2018,0,10.0
5,5,1.552200764418,156.7666666667,2018,0,10.0
100,5,0.6381372585893,838.9,2018,0,10.0
5,6,0.9203613996506,158.6333333333,2018,0,10.0
100,6,0.4219484999776,836.2,2018,0,10.0
5,7,1.073529452085,158.6666666667,2018,0,10.0
100,7,0.3494216278195,835.6666666667,2018,0,10.0
5,8,0.3835645318031,158.6,2018,0,10.0
100,8,0.4094223119318,832.0666666667,2018,0,10.0
5,9,0.6914333850145,158.3666666667,2018,0,10.0
100,9,0.5411958070472,831.8,2018,0,10.0
5,10,0.8368069976568,159.9333333333,2018,0,10.0
100,10,1.071974563412,828.5333333333,2018,0,10.0
5,11,1.907001063228,159.5,2018,0,10.0
100,11,1.587276041508,827.8333333333,2018,0,10.0
5,12,4.544511437416,160.6333333333,2018,0,10.0
100,12,1.276736889035,829.0666666667,2018,0,10.0
5,1,2.937488265336,178.1,2015,0,7.0
100,1,0.883886073716,812.1333333333,2015,0,7.0
5,2,2.211715042591,181.5333333333,2015,0,7.0
100,2,1.1259871535,810.4,2015,0,7.0
5,3,2.570886790752,184.5666666667,2015,0,7.0
100,3,0.7061995603144,809.7333333333,2015,0,7.0
5,4,2.303877361119,184.8333333333,2015,0,7.0
100,4,0.901605617255,809.6666666667,2015,0,7.0
5,5,2.049076482654,184.0666666667,2015,0,7.0
100,5,0.6904350761324,810.6,2015,0,7.0
5,6,1.122467495501,184.2666666667,2015,0,7.0
100,6,0.55468847882,811.5666666667,2015,0,7.0
5,7,1.061625123024,183.3666666667,2015,0,7.0
100,7,0.4194885678589,812.1,2015,0,7.0
5,8,2.024403735995,180.3,2015,0,7.0
100,8,0.6714495783672,815.4,2015,0,7.0
5,9,3.277216672897,178.2,2015,0,7.0
100,9,0.9520316123962,817.9,2015,0,7.0
5,10,5.333888120949,180.2,2015,0,7.0
100,10,1.828567950055,818.4,2015,0,7.0
5,11,4.086070679128,181.6333333333,2015,0,7.0
100,11,1.83155193273,817.0666666667,2015,0,7.0
5,12,3.320646241307,179.5333333333,2015,0,7.0
100,12,1.191934049129,816.6,2015,0,7.0
5,1,2.215376034379,181.2333333333,2016,0,7.0
100,1,0.9666707133874,818.1,2016,0,7.0
5,2,3.1289601475,178.8666666667,2016,0,7.0
100,2,0.9363166205585,818.6333333333,2016,0,7.0
5,3,3.835616409779,177.6333333333,2016,0,7.0
100,3,1.368824422359,817.7333333333,2016,0,7.0
5,4,2.836966685951,175.8333333333,2016,0,7.0
100,4,0.7583411252126,818.2333333333,2016,0,7.0
5,5,2.56640625,170.6666666667,2016,0,7.0
100,5,0.9772819653153,821.6666666667,2016,0,7.0
5,6,1.663034908473,168.2666666667,2016,0,7.0
100,6,0.6926275640726,825.6,2016,0,7.0
5,7,1.536688104272,166.2666666667,2016,0,7.0
100,7,0.3382898103446,827.2,2016,0,7.0
5,8,1.5456745103,165.3,2016,0,7.0
100,8,0.4403249267489,828.9333333333,2016,0,7.0
5,9,2.087771095335,169,2016,0,7.0
100,9,1.275454910472,829.9,2016,0,7.0
5,10,1.572043806314,170.2666666667,2016,0,7.0
100,10,1.249144417234,827.9,2016,0,7.0
5,11,2.353918388486,170.5666666667,2016,0,7.0
100,11,1.466982811689,829.3666666667,2016,0,7.0
5,12,5.337694585323,173.2333333333,2016,0,7.0
100,12,1.103163440712,827.1666666667,2016,0,7.0
5,1,2.649474665523,174.5,2017,0,7.0
100,1,1.206465659663,826.9333333333,2017,0,7.0
5,2,2.544046550989,172.1666666667,2017,0,7.0
100,2,0.8976013120264,826.8333333333,2017,0,7.0
5,3,1.486041136086,171.9333333333,2017,0,7.0
100,3,0.6758443005383,828.1,2017,0,7.0
5,4,2.437156289816,169.7333333333,2017,0,7.0
100,4,0.705115288496,828.2333333333,2017,0,7.0
5,5,1.666997686028,167.8666666667,2017,0,7.0
100,5,0.6167773269117,828.5,2017,0,7.0
5,6,1.573892578483,170.0666666667,2017,0,7.0
100,6,0.3954972261563,830.6,2017,0,7.0
5,7,1.687536120415,173.0333333333,2017,0,7.0
100,7,0.4841821761802,829.2333333333,2017,0,7.0
5,8,0.6959008425474,174.8333333333,2017,0,7.0
100,8,0.572883144021,828.2666666667,2017,0,7.0
5,9,1.428012549877,170.4,2017,0,7.0
100,9,0.8948235539719,829.4,2017,0,7.0
5,10,1.721359848976,169.6333333333,2017,0,7.0
100,10,1.260743809864,829.9333333333,2017,0,7.0
5,11,2.153815850616,169.4666666667,2017,0,7.0
100,11,1.55406492576,829.8666666667,2017,0,7.0
5,12,4.40939591825,173.8333333333,2017,0,7.0
100,12,1.171843633056,830.6,2017,0,7.0
5,1,2.882874205709,173.0333333333,2018,0,7.0
100,1,1.024335483089,831.4333333333,2018,0,7.0
5,2,2.642340101302,170.3666666667,2018,0,7.0
100,2,0.9744969150051,836.5,2018,0,7.0
5,3,1.858233749866,170.2333333333,2018,0,7.0
100,3,0.7107940502465,838.7333333333,2018,0,7.0
5,4,2.571975067258,165.5666666667,2018,0,7.0
100,4,0.8246789351106,840.9333333333,2018,0,7.0
5,5,1.632777586579,163.9333333333,2018,0,7.0
100,5,0.6506496760994,841.4666666667,2018,0,7.0
5,6,1.568767860532,162.8666666667,2018,0,7.0
100,6,0.4041282832623,842.9666666667,2018,0,7.0
5,7,1.027342230082,165.8,2018,0,7.0
100,7,0.4332515504211,842.4666666667,2018,0,7.0
5,8,0.1444686353207,168.4333333333,2018,0,7.0
100,8,0.6083333361894,840,2018,0,7.0
5,9,1.016713127494,167.5333333333,2018,0,7.0
100,9,0.75269671157,840.5333333333,2018,0,7.0
5,10,1.393129713833,165.9333333333,2018,0,7.0
100,10,1.228761519305,841.6333333333,2018,0,7.0
5,11,1.578533440828,169.5666666667,2018,0,7.0
100,11,1.490504660644,840.7666666667,2018,0,7.0
5,12,4.930528923869,172.7333333333,2018,0,7.0
100,12,1.208320070058,835.7333333333,2018,0,7.0
5,1,2.058657556772,177.3,2015,0,2.0
100,1,0.9951398754492,843.6,2015,0,2.0
5,2,3.03212095052,180.5666666667,2015,0,2.0
100,2,0.8203540686518,845.3666666667,2015,0,2.0
5,3,1.932980380952,182.5333333333,2015,0,2.0
100,3,0.8346475567669,845.4666666667,2015,0,2.0
5,4,2.073863737285,181.8666666667,2015,0,2.0
100,4,0.7029438139871,848.1,2015,0,2.0
5,5,1.722010582685,183.7,2015,0,2.0
100,5,0.7898878678679,847.1666666667,2015,0,2.0
5,6,1.272710539401,181.6333333333,2015,0,2.0
100,6,0.558958648704,848.9,2015,0,2.0
5,7,1.662718690932,182.9333333333,2015,0,2.0
100,7,0.616869061254,848.1,2015,0,2.0
5,8,1.116007208824,185.3333333333,2015,0,2.0
100,8,0.6466535618529,846.6666666667,2015,0,2.0
5,9,3.701298750937,187.3666666667,2015,0,2.0
100,9,1.109422511421,844.4333333333,2015,0,2.0
5,10,4.634299017489,186.4,2015,0,2.0
100,10,1.715848990716,843.8,2015,0,2.0
5,11,3.949504047632,184.8333333333,2015,0,2.0
100,11,1.728424318135,844.7,2015,0,2.0
5,12,4.06666687876,182.5,2015,0,2.0
100,12,1.481167777441,846.0666666667,2015,0,2.0
5,1,2.956009507179,181.1,2016,0,2.0
100,1,1.094625487924,844.7333333333,2016,0,2.0
5,2,3.021523207426,181.2,2016,0,2.0
100,2,0.9803689271212,843.9,2016,0,2.0
5,3,3.508966475725,180.3,2016,0,2.0
100,3,1.01208162494,841.5,2016,0,2.0
5,4,2.392322048545,178,2016,0,2.0
100,4,0.8251368496567,840.4666666667,2016,0,2.0
5,5,2.406291253865,176.9666666667,2016,0,2.0
100,5,0.8110789358616,840.0333333333,2016,0,2.0
5,6,2.319468431175,173.1,2016,0,2.0
100,6,0.7367900116369,842.1666666667,2016,0,2.0
5,7,1.764990389347,172.3333333333,2016,0,2.0
100,7,0.7628455320373,845.3,2016,0,2.0
5,8,1.342691235244,172.1666666667,2016,0,2.0
100,8,0.6908789724112,845.3,2016,0,2.0
5,9,2.178475148976,173.1333333333,2016,0,2.0
100,9,1.557364113629,843.7333333333,2016,0,2.0
5,10,2.444508187473,174.2,2016,0,2.0
100,10,1.573400257155,842.8666666667,2016,0,2.0
5,11,2.484441772103,171.4,2016,0,2.0
100,11,1.632430898957,842.2,2016,0,2.0
5,12,4.997147977352,175.3,2016,0,2.0
100,12,1.343079806305,842.4666666667,2016,0,2.0
5,1,2.973664365709,175.9333333333,2017,0,2.0
100,1,0.9252584576607,841.5666666667,2017,0,2.0
5,2,3.210939005017,174.3,2017,0,2.0
100,2,1.171679975465,841.1,2017,0,2.0
5,3,2.987247943878,175.1333333333,2017,0,2.0
100,3,0.9123189970851,840.1666666667,2017,0,2.0
5,4,2.229317061603,180.1,2017,0,2.0
100,4,0.7400119062513,838.5,2017,0,2.0
5,5,1.86462315917,182.7,2017,0,2.0
100,5,0.5366793777794,838.8,2017,0,2.0
5,6,1.786620765924,183.8666666667,2017,0,2.0
100,6,0.4208412924781,838.4,2017,0,2.0
5,7,1.398977905512,182.6333333333,2017,0,2.0
100,7,0.5799634382129,839.1333333333,2017,0,2.0
5,8,1.34487837553,180.9333333333,2017,0,2.0
100,8,0.7237468380481,840.5333333333,2017,0,2.0
5,9,1.418656311929,180.1,2017,0,2.0
100,9,1.413666354492,843.4333333333,2017,0,2.0
5,10,2.155776977539,180.6,2017,0,2.0
100,10,1.793224015273,848.1,2017,0,2.0
5,11,1.788241758943,183.7,2017,0,2.0
100,11,1.276524680667,848.2666666667,2017,0,2.0
5,12,5.620470941067,184,2017,0,2.0
100,12,1.251182070002,846,2017,0,2.0
5,1,3.420435965061,184.9666666667,2018,0,2.0
100,1,1.282218237408,844.5,2018,0,2.0
5,2,3.394420176744,182.8,2018,0,2.0
100,2,0.8341213800013,846,2018,0,2.0
5,3,2.162162065506,180.0666666667,2018,0,2.0
100,3,0.8325467929244,847.6,2018,0,2.0
5,4,2.7883361727,178.9,2018,0,2.0
100,4,0.6880842000246,848.7333333333,2018,0,2.0
5,5,1.722673140466,176.5666666667,2018,0,2.0
100,5,0.5870238933712,849.7666666667,2018,0,2.0
5,6,2.035185612738,173.3666666667,2018,0,2.0
100,6,0.669672479853,853.9,2018,0,2.0
5,7,1.295091614127,169.1,2018,0,2.0
100,7,0.3825698671862,858.6666666667,2018,0,2.0
5,8,0.7351460307837,165.5,2018,0,2.0
100,8,0.7485585976392,861.4333333333,2018,0,2.0
5,9,1.663693971932,168.2,2018,0,2.0
100,9,1.073487877846,861.3666666667,2018,0,2.0
5,10,2.095624692738,168.3666666667,2018,0,2.0
100,10,1.593332338147,862.8666666667,2018,0,2.0
5,11,1.990507006645,165.0333333333,2018,0,2.0
100,11,1.394366171211,863.8333333333,2018,0,2.0
5,12,6.186440646648,163.2333333333,2018,0,2.0
100,12,1.633172627538,864.1666666667,2018,0,2.0
5,1,2.398261986673,157.2666666667,2015,0,16.0
100,1,1.013846852817,804.0333333333,2015,0,16.0
5,2,2.710587792099,157.1,2015,0,16.0
100,2,1.092723503709,801.6666666667,2015,0,16.0
5,3,2.396738059819,157.3666666667,2015,0,16.0
100,3,0.9725633859634,800.6333333333,2015,0,16.0
5,4,1.917016878724,158.6666666667,2015,0,16.0
100,4,0.9590040687472,799.2666666667,2015,0,16.0
5,5,2.192419178784,160.9333333333,2015,0,16.0
100,5,0.7771469336003,798.4333333333,2015,0,16.0
5,6,1.479529738426,164.4666666667,2015,0,16.0
100,6,0.6424440499395,795.4,2015,0,16.0
5,7,1.565607279539,170.9666666667,2015,0,16.0
100,7,0.5075425738469,791.0666666667,2015,0,16.0
5,8,1.872150376439,175.4666666667,2015,0,16.0
100,8,0.7094566226006,788.8666666667,2015,0,16.0
5,9,4.024481333792,178.3666666667,2015,0,16.0
100,9,1.389182601124,788.2333333333,2015,0,16.0
5,10,4.792122602463,182.8,2015,0,16.0
100,10,1.701992377639,786.3333333333,2015,0,16.0
5,11,4.038355350494,180.7666666667,2015,0,16.0
100,11,1.56925762631,783.0666666667,2015,0,16.0
5,12,3.230088472366,180.8,2015,0,16.0
100,12,1.209790483117,784.4333333333,2015,0,16.0
5,1,3.857778757811,179.7666666667,2016,0,16.0
100,1,1.317913443781,784.7,2016,0,16.0
5,2,3.005239397287,178.1333333333,2016,0,16.0
100,2,1.02171513252,785.9333333333,2016,0,16.0
5,3,3.197577022016,178.8333333333,2016,0,16.0
100,3,1.345721952617,786.5666666667,2016,0,16.0
5,4,2.868637606502,178.1333333333,2016,0,16.0
100,4,0.7099365685135,788.3333333333,2016,0,16.0
5,5,2.03596842289,173.3,2016,0,16.0
100,5,0.9086114242673,790.0333333333,2016,0,16.0
5,6,1.810515858233,168,2016,0,16.0
100,6,0.7046332154423,794.2666666667,2016,0,16.0
5,7,2.078342802823,169.7666666667,2016,0,16.0
100,7,0.7186243319884,795.7333333333,2016,0,16.0
5,8,1.077331714332,169.4,2016,0,16.0
100,8,0.936527306214,792.4666666667,2016,0,16.0
5,9,2.404671683908,166.9666666667,2016,0,16.0
100,9,1.634834825993,788.8666666667,2016,0,16.0
5,10,3.242843002081,168.8333333333,2016,0,16.0
100,10,1.533353179693,785.5333333333,2016,0,16.0
5,11,2.224297121167,169.5666666667,2016,0,16.0
100,11,1.243929490447,782.4666666667,2016,0,16.0
5,12,4.371257275343,167,2016,0,16.0
100,12,1.392834428698,786.1666666667,2016,0,16.0
5,1,2.965127915144,168.2333333333,2017,0,16.0
100,1,0.8048511594534,786.0666666667,2017,0,16.0
5,2,1.927816942334,170.4,2017,0,16.0
100,2,0.9618326816708,784.2666666667,2017,0,16.0
5,3,2.275472402573,171.1,2017,0,16.0
100,3,0.7591900816187,785.2666666667,2017,0,16.0
5,4,2.440031468868,169.5333333333,2017,0,16.0
100,4,0.6672193109989,784.1,2017,0,16.0
5,5,2.406112723053,166.8666666667,2017,0,16.0
100,5,0.8342504035681,787.5333333333,2017,0,16.0
5,6,1.756567060947,166.2333333333,2017,0,16.0
100,6,0.4643175099045,786.1,2017,0,16.0
5,7,1.617321267724,165.5,2017,0,16.0
100,7,0.663131646812,788.9333333333,2017,0,16.0
5,8,1.328346177936,164.8666666667,2017,0,16.0
100,8,0.9098014337942,789,2017,0,16.0
5,9,1.167766451836,166.7,2017,0,16.0
100,9,1.297283582389,787.8,2017,0,16.0
5,10,1.656798824668,168.9,2017,0,16.0
100,10,1.271236797795,784.8,2017,0,16.0
5,11,1.777366548777,171.1333333333,2017,0,16.0
100,11,1.273779638112,783.2333333333,2017,0,16.0
5,12,5.380306765437,169.6,2017,0,16.0
100,12,1.3330219239,784.9333333333,2017,0,16.0
5,1,3.7170528844,166.9333333333,2018,0,16.0
100,1,0.9267095290124,787.7333333333,2018,0,16.0
5,2,2.78290528059,166.1333333333,2018,0,16.0
100,2,1.018217151985,788.6333333333,2018,0,16.0
5,3,1.841574162245,165.1666666667,2018,0,16.0
100,3,0.7560769207776,788.5,2018,0,16.0
5,4,1.677657857537,166.8,2018,0,16.0
100,4,0.5099275968969,787.3666666667,2018,0,16.0
5,5,2.389880932868,168,2018,0,16.0
100,5,0.6814035512507,785.6333333333,2018,0,16.0
5,6,1.736716926098,168.1333333333,2018,0,16.0
100,6,0.5262265112251,786.1,2018,0,16.0
5,7,0.9474840685725,166.9333333333,2018,0,16.0
100,7,0.4805691093206,784.8333333333,2018,0,16.0
5,8,0.590495467186,164.8333333333,2018,0,16.0
100,8,0.7762984372675,783.6333333333,2018,0,16.0
5,9,0.9705461412668,162.9666666667,2018,0,16.0
100,9,1.040062943473,783.7666666667,2018,0,16.0
5,10,2.180226527154,161.8333333333,2018,0,16.0
100,10,1.488783180714,784.5333333333,2018,0,16.0
5,11,2.804776765406,160.5,2018,0,16.0
100,11,1.774691371247,788.4,2018,0,16.0
5,12,5.553355529904,159.9333333333,2018,0,16.0
100,12,1.172591641545,788.5666666667,2018,0,16.0
5,1,2.75526407361,167.8,2015,0,3.0
100,1,1.065382361412,856.5,2015,0,3.0
5,2,2.75581163168,167.7666666667,2015,0,3.0
100,2,0.879313012585,857.8666666667,2015,0,3.0
5,3,2.025366574526,168.2,2015,0,3.0
100,3,0.8651978084818,857.8,2015,0,3.0
5,4,2.108985833824,167.3,2015,0,3.0
100,4,0.7523139137775,857.1333333333,2015,0,3.0
5,5,1.607607632875,166.5,2015,0,3.0
100,5,0.611652395688,855.3333333333,2015,0,3.0
5,6,1.552876777947,164.5333333333,2015,0,3.0
100,6,0.5271066855639,854.0333333333,2015,0,3.0
5,7,2.077235668898,164,2015,0,3.0
100,7,0.4398616058752,857.4666666667,2015,0,3.0
5,8,2.36532998085,164.6,2015,0,3.0
100,8,0.736572496593,858.9333333333,2015,0,3.0
5,9,3.642566211522,163.6666666667,2015,0,3.0
100,9,1.272417409346,860.5666666667,2015,0,3.0
5,10,4.174357920885,166.1333333333,2015,0,3.0
100,10,1.968685680069,859.0333333333,2015,0,3.0
5,11,4.173984050751,163.2333333333,2015,0,3.0
100,11,1.907961010002,860.8666666667,2015,0,3.0
5,12,3.025065846741,164.9,2015,0,3.0
100,12,1.329226674512,860.4,2015,0,3.0
5,1,2.428917087615,165.3,2016,0,3.0
100,1,1.190587162971,858.4,2016,0,3.0
5,2,2.983244657516,163.1333333333,2016,0,3.0
100,2,0.9343365523964,859.4333333333,2016,0,3.0
5,3,2.9217980057,162.4,2016,0,3.0
100,3,1.105588154867,858.3666666667,2016,0,3.0
5,4,2.18879249692,161.2,2016,0,3.0
100,4,0.6251703239977,856.3,2016,0,3.0
5,5,2.519347518682,159.3666666667,2016,0,3.0
100,5,0.7523431843147,857.1,2016,0,3.0
5,6,0.9132610559464,159.8666666667,2016,0,3.0
100,6,0.4974301112816,856.0666666667,2016,0,3.0
5,7,1.219206690788,159.6666666667,2016,0,3.0
100,7,0.8115857429802,854.5,2016,0,3.0
5,8,1.05404292047,161.6,2016,0,3.0
100,8,0.5264080995694,855.1666666667,2016,0,3.0
5,9,0.6070685982704,160.3333333333,2016,0,3.0
100,9,0.9665861800313,855.9333333333,2016,0,3.0
5,10,1.979557707906,159.8,2016,0,3.0
100,10,1.510973956436,853.5333333333,2016,0,3.0
5,11,2.862154260278,161.5333333333,2016,0,3.0
100,11,1.229871116579,850.7666666667,2016,0,3.0
5,12,4.153734892607,161.1,2016,0,3.0
100,12,1.552585387602,854.1666666667,2016,0,3.0
5,1,2.594063550234,159.4666666667,2017,0,3.0
100,1,0.8101951181889,855.9666666667,2017,0,3.0
5,2,2.881374016404,156.2333333333,2017,0,3.0
100,2,0.9630606658757,859.0666666667,2017,0,3.0
5,3,1.317409828305,157,2017,0,3.0
100,3,0.807616177015,858.7,2017,0,3.0
5,4,1.956055685878,155.5,2017,0,3.0
100,4,0.7944960296154,857.5666666667,2017,0,3.0
5,5,2.197376936674,155.0333333333,2017,0,3.0
100,5,0.5246086195111,858.1,2017,0,3.0
5,6,1.643791481853,155.4333333333,2017,0,3.0
100,6,0.4832930900156,855.9333333333,2017,0,3.0
5,7,1.010219283402,156.5666666667,2017,0,3.0
100,7,0.570936948061,852.4,2017,0,3.0
5,8,0.7695551216602,158.1,2017,0,3.0
100,8,0.7848234754056,852.6333333333,2017,0,3.0
5,9,0.844374358654,158.5,2017,0,3.0
100,9,0.9387420974672,855.4,2017,0,3.0
5,10,1.288948848844,160.4666666667,2017,0,3.0
100,10,1.381065665744,854.5333333333,2017,0,3.0
5,11,2.169502049685,162.6333333333,2017,0,3.0
100,11,1.751453150064,854.4333333333,2017,0,3.0
5,12,4.838874265552,163.4333333333,2017,0,3.0
100,12,0.9692662395537,853.5666666667,2017,0,3.0
5,1,3.374874442816,165.8333333333,2018,0,3.0
100,1,1.286923130974,850.8666666667,2018,0,3.0
5,2,2.16146863997,168.8666666667,2018,0,3.0
100,2,0.8733770120889,849.7666666667,2018,0,3.0
5,3,1.837011292577,172.2,2018,0,3.0
100,3,0.847300904803,847.2,2018,0,3.0
5,4,2.123327404261,171.9,2018,0,3.0
100,4,0.6744378237054,847.8666666667,2018,0,3.0
5,5,2.135751843452,170.9,2018,0,3.0
100,5,0.7738819923252,848.9666666667,2018,0,3.0
5,6,1.729174911976,168.8666666667,2018,0,3.0
100,6,0.3723612874746,849.5333333333,2018,0,3.0
5,7,0.9435275346041,167.6333333333,2018,0,3.0
100,7,0.4876802712679,848.2333333333,2018,0,3.0
5,8,0.6495946124196,168.5666666667,2018,0,3.0
100,8,0.716867018491,848.6,2018,0,3.0
5,9,0.9353439435363,169.1,2018,0,3.0
100,9,0.7012075465173,850.2,2018,0,3.0
5,10,1.289246410131,169.8666666667,2018,0,3.0
100,10,1.446026529185,849.8,2018,0,3.0
5,11,1.998826622963,170.4333333333,2018,0,3.0
100,11,1.619356054813,849,2018,0,3.0
5,12,5.065535724163,172.9333333333,2018,0,3.0
100,12,1.248034894466,848.1333333333,2018,0,3.0
5,1,3.086964473128,181.3,2015,0,15.0
100,1,1.091226160526,802.7666666667,2015,0,15.0
5,2,2.902584433556,184.4333333333,2015,0,15.0
100,2,1.077950144187,801.3666666667,2015,0,15.0
5,3,3.377224326134,187.3333333333,2015,0,15.0
100,3,0.9707043170929,802.1666666667,2015,0,15.0
5,4,2.006917431951,187.9333333333,2015,0,15.0
100,4,1.001122053713,802.1,2015,0,15.0
5,5,2.177957251668,189.9333333333,2015,0,15.0
100,5,0.8358314400539,800.6,2015,0,15.0
5,6,1.623954437673,187.3,2015,0,15.0
100,6,0.4836238622665,805.0333333333,2015,0,15.0
5,7,1.814308464527,187.7666666667,2015,0,15.0
100,7,0.6636638045311,806.6333333333,2015,0,15.0
5,8,1.937710046768,188.3666666667,2015,0,15.0
100,8,0.6484733307734,806.7666666667,2015,0,15.0
5,9,4.211787506938,187.7666666667,2015,0,15.0
100,9,1.114503826946,807.8333333333,2015,0,15.0
5,10,5.364795379341,188.2333333333,2015,0,15.0
100,10,1.340195537545,807.9666666667,2015,0,15.0
5,11,3.787797287107,186.3,2015,0,15.0
100,11,1.381438221782,810.2666666667,2015,0,15.0
5,12,3.736746072769,182.3333333333,2015,0,15.0
100,12,1.409034879878,811.6666666667,2015,0,15.0
5,1,2.517698332667,183.6333333333,2016,0,15.0
100,1,1.036249151453,810.1333333333,2016,0,15.0
5,2,3.225331306458,181.0666666667,2016,0,15.0
100,2,1.330589017831,813.8,2016,0,15.0
5,3,3.241443157196,180.1666666667,2016,0,15.0
100,3,1.210241926834,814.3,2016,0,15.0
5,4,3.083562910557,181.5,2016,0,15.0
100,4,0.9889162480831,812,2016,0,15.0
5,5,2.626383841038,180.6666666667,2016,0,15.0
100,5,1.018507100642,812.3,2016,0,15.0
5,6,2.384285107255,178.6,2016,0,15.0
100,6,0.7925355313346,813.6333333333,2016,0,15.0
5,7,1.440518774092,177.3666666667,2016,0,15.0
100,7,0.611490206793,815.7666666667,2016,0,15.0
5,8,1.628200165927,171.8666666667,2016,0,15.0
100,8,0.7267075916752,820.3666666667,2016,0,15.0
5,9,1.661389306188,168.4333333333,2016,0,15.0
100,9,1.170631686226,821.0666666667,2016,0,15.0
5,10,1.905622467399,166,2016,0,15.0
100,10,1.484765857458,819.4333333333,2016,0,15.0
5,11,2.834527999163,167.4,2016,0,15.0
100,11,1.637772787362,817.1666666667,2016,0,15.0
5,12,5.243828624487,164.7333333333,2016,0,15.0
100,12,1.114072906785,819.0666666667,2016,0,15.0
5,1,3.538679122925,165.0333333333,2017,0,15.0
100,1,1.012152321637,817.4,2017,0,15.0
5,2,2.260287709534,166.8666666667,2017,0,15.0
100,2,0.9381119655445,817.0666666667,2017,0,15.0
5,3,3.298855237663,165.9666666667,2017,0,15.0
100,3,0.7002326706424,816.6333333333,2017,0,15.0
5,4,2.745476797223,163.9666666667,2017,0,15.0
100,4,0.7440476212651,817.6,2017,0,15.0
5,5,1.775795638561,164.4333333333,2017,0,15.0
100,5,0.7123978435993,819.7666666667,2017,0,15.0
5,6,2.384646892548,163.2666666667,2017,0,15.0
100,6,0.6660313904285,822.0333333333,2017,0,15.0
5,7,1.755174584687,159.4333333333,2017,0,15.0
100,7,0.6205472834408,823.4666666667,2017,0,15.0
5,8,1.521150171757,159.9666666667,2017,0,15.0
100,8,0.8604991436005,820.0666666667,2017,0,15.0
5,9,0.8440193235874,158.5666666667,2017,0,15.0
100,9,1.021041082218,822.2,2017,0,15.0
5,10,2.173081070185,156.7666666667,2017,0,15.0
100,10,1.579192114994,824.3666666667,2017,0,15.0
5,11,2.890006393194,155.7666666667,2017,0,15.0
100,11,1.286148274317,823,2017,0,15.0
5,12,4.331175796688,154.5,2017,0,15.0
100,12,1.247051160783,819.5333333333,2017,0,15.0
5,1,3.319618910551,153.9333333333,2018,0,15.0
100,1,1.001761427149,813.7333333333,2018,0,15.0
5,2,2.802303314209,156.3,2018,0,15.0
100,2,0.9880239274353,812.7333333333,2018,0,15.0
5,3,3.09060126543,157.4666666667,2018,0,15.0
100,3,0.7336231814697,812.6333333333,2018,0,15.0
5,4,2.000421598554,158.1333333333,2018,0,15.0
100,4,0.8056407216936,815.5,2018,0,15.0
5,5,2.01829007268,156.7333333333,2018,0,15.0
100,5,0.5825421418995,814.5333333333,2018,0,15.0
5,6,1.743378221989,153.5333333333,2018,0,15.0
100,6,0.5067581292242,816.3,2018,0,15.0
5,7,0.9482571780682,153.9666666667,2018,0,15.0
100,7,0.5807359786704,817.0666666667,2018,0,15.0
5,8,1.299748629332,159.1333333333,2018,0,15.0
100,8,0.654895413667,817.4333333333,2018,0,15.0
5,9,0.4572979956865,159.6333333333,2018,0,15.0
100,9,0.9076270898804,817.7,2018,0,15.0
5,10,1.969697028399,160.6,2018,0,15.0
100,10,1.297234366648,815.9666666667,2018,0,15.0
5,11,1.811039865017,161.2333333333,2018,0,15.0
100,11,1.301541091874,813.2666666667,2018,0,15.0
5,12,6.55050060153,159.7333333333,2018,0,15.0
100,12,1.121972221881,813.3,2018,0,15.0
5,1,2.628323413432,180.5333333333,2015,0,13.0
100,1,1.090623132885,847.8333333333,2015,0,13.0
5,2,2.067598253489,176.5333333333,2015,0,13.0
100,2,0.9712765216827,851.8,2015,0,13.0
5,3,2.842895016074,175.4666666667,2015,0,13.0
100,3,1.113762617111,852.0666666667,2015,0,13.0
5,4,1.75886657089,172.9333333333,2015,0,13.0
100,4,0.7840265519917,853.5,2015,0,13.0
5,5,1.572043806314,170.2666666667,2015,0,13.0
100,5,0.511423330754,856.4333333333,2015,0,13.0
5,6,0.9291168749332,170.2333333333,2015,0,13.0
100,6,0.5389756839722,857.8,2015,0,13.0
5,7,0.938488908112,168.5333333333,2015,0,13.0
100,7,0.4098582910374,860.8666666667,2015,0,13.0
5,8,1.160111188889,167.8,2015,0,13.0
100,8,0.4660476045683,861.5,2015,0,13.0
5,9,3.420538902283,170.7333333333,2015,0,13.0
100,9,1.401667932048,859.3333333333,2015,0,13.0
5,10,4.645198658109,172.8666666667,2015,0,13.0
100,10,1.76047296077,856.9666666667,2015,0,13.0
5,11,4.357143051922,170.3333333333,2015,0,13.0
100,11,2.052152045071,859.6666666667,2015,0,13.0
5,12,2.902007699013,167.7,2015,0,13.0
100,12,1.434100960381,856.8666666667,2015,0,13.0
5,1,2.599920988083,168.4666666667,2016,0,13.0
100,1,1.49287159089,855.7333333333,2016,0,13.0
5,2,3.017689011991,173.3666666667,2016,0,13.0
100,2,1.199342787266,852.1333333333,2016,0,13.0
5,3,2.723880708218,178.6666666667,2016,0,13.0
100,3,1.018151124939,848.4333333333,2016,0,13.0
5,4,2.124084956944,177.5666666667,2016,0,13.0
100,4,0.9604131737724,848.7666666667,2016,0,13.0
5,5,2.748493850231,177.0666666667,2016,0,13.0
100,5,0.8868249580264,850.6,2016,0,13.0
5,6,1.674311935902,174.4,2016,0,13.0
100,6,0.5286542018875,851.5333333333,2016,0,13.0
5,7,1.188925042748,173.9666666667,2016,0,13.0
100,7,0.670379050076,853,2016,0,13.0
5,8,1.200193464756,172.3333333333,2016,0,13.0
100,8,0.6677955733612,856.3,2016,0,13.0
5,9,1.816963523626,174.1,2016,0,13.0
100,9,1.149896901101,857.0333333333,2016,0,13.0
5,10,1.524587124586,175.5666666667,2016,0,13.0
100,10,1.842861585319,858.2666666667,2016,0,13.0
5,11,2.404026985168,177.1333333333,2016,0,13.0
100,11,1.532421078533,857.4666666667,2016,0,13.0
5,12,4.381916999817,177.7,2016,0,13.0
100,12,1.078244611621,857.5666666667,2016,0,13.0
5,1,2.787297561765,178.9666666667,2017,0,13.0
100,1,1.106103558093,857.9666666667,2017,0,13.0
5,2,1.910994797945,178.2666666667,2017,0,13.0
100,2,1.020305134356,858.5666666667,2017,0,13.0
5,3,1.837933704257,178.7333333333,2017,0,13.0
100,3,0.8102266509086,855.9333333333,2017,0,13.0
5,4,1.870728939772,175.6,2017,0,13.0
100,4,0.6810495704412,857.5,2017,0,13.0
5,5,1.636465609074,178.4333333333,2017,0,13.0
100,5,0.6251459829509,856.3333333333,2017,0,13.0
5,6,1.278340987861,180.8333333333,2017,0,13.0
100,6,0.4980118572712,855.0666666667,2017,0,13.0
5,7,0.541945040226,179.6,2017,0,13.0
100,7,0.5406564380974,855.1333333333,2017,0,13.0
5,8,0.9517601430416,178.9666666667,2017,0,13.0
100,8,0.6398021103814,855.7333333333,2017,0,13.0
5,9,1.306764602661,176.9,2017,0,13.0
100,9,1.151823263615,855.6,2017,0,13.0
5,10,1.537545867264,182,2017,0,13.0
100,10,1.180493311025,855.4333333333,2017,0,13.0
5,11,2.077671706676,181.5333333333,2017,0,13.0
100,11,1.351114399731,855.4666666667,2017,0,13.0
5,12,5.396414995193,180.3666666667,2017,0,13.0
100,12,1.334603996947,856.9333333333,2017,0,13.0
5,1,3.491840109229,177.7,2018,0,13.0
100,1,1.093707435764,856.5666666667,2018,0,13.0
5,2,2.619452401996,176.5,2018,0,13.0
100,2,0.9808770893142,855.8666666667,2018,0,13.0
5,3,2.826251275837,176.5,2018,0,13.0
100,3,0.7981880679727,853.6,2018,0,13.0
5,4,2.671417474747,173.0666666667,2018,0,13.0
100,4,0.5122008360922,855.1333333333,2018,0,13.0
5,5,1.85134601593,170.8666666667,2018,0,13.0
100,5,0.8392112357542,855.3666666667,2018,0,13.0
5,6,1.148927807808,169.4333333333,2018,0,13.0
100,6,0.5276008956134,853.2333333333,2018,0,13.0
5,7,0.4346963167191,167.9333333333,2018,0,13.0
100,7,0.3421206772327,853.5,2018,0,13.0
5,8,0.4340071231127,168.2,2018,0,13.0
100,8,0.5982205588371,854.2,2018,0,13.0
5,9,0.7958374917507,168.1666666667,2018,0,13.0
100,9,0.7405673377216,854.3,2018,0,13.0
5,10,1.654839284718,169.1,2018,0,13.0
100,10,1.154026329517,853.9666666667,2018,0,13.0
5,11,1.654513180256,169.1333333333,2018,0,13.0
100,11,1.340286761522,853.3,2018,0,13.0
5,12,6.072359167039,166.3,2018,0,13.0
100,12,1.337361117825,855.1666666667,2018,0,13.0
5,1,1.650609523058,169.5333333333,2015,0,12.0
100,1,1.005467668176,798.6333333333,2015,0,12.0
5,2,1.64931230247,169.6666666667,2015,0,12.0
100,2,0.912994556129,799.5666666667,2015,0,12.0
5,3,2.15423963964,169.4333333333,2015,0,12.0
100,3,0.6528973886743,801.3,2015,0,12.0
5,4,1.750599503517,166.8,2015,0,12.0
100,4,0.4848484992981,803,2015,0,12.0
5,5,0.9574253335595,165.2,2015,0,12.0
100,5,0.3778154961765,805.0666666667,2015,0,12.0
5,6,1.403562054038,164.7,2015,0,12.0
100,6,0.6190023040399,805.8666666667,2015,0,12.0
5,7,1.848662830889,164.5333333333,2015,0,12.0
100,7,0.5288103315979,805.2666666667,2015,0,12.0
5,8,1.549110732973,164.9333333333,2015,0,12.0
100,8,0.5597463268787,804.2333333333,2015,0,12.0
5,9,3.170707143843,165,2015,0,12.0
100,9,1.25820254162,802.6,2015,0,12.0
5,10,5.257658571005,164.3,2015,0,12.0
100,10,2.179737120867,803.7666666667,2015,0,12.0
5,11,4.372130334377,166.9666666667,2015,0,12.0
100,11,1.665698606521,803.4666666667,2015,0,12.0
5,12,3.381628103554,169.1,2015,0,12.0
100,12,1.37867342215,803.0666666667,2015,0,12.0
5,1,2.32036216557,173.0333333333,2016,0,12.0
100,1,0.834337733686,802.0333333333,2016,0,12.0
5,2,3.237562701106,172.8666666667,2016,0,12.0
100,2,1.104730686173,803.9666666667,2016,0,12.0
5,3,2.682785391808,172.3333333333,2016,0,12.0
100,3,1.159542847425,807.9333333333,2016,0,12.0
5,4,2.167209453881,174.0333333333,2016,0,12.0
100,4,0.9493043711409,807.4333333333,2016,0,12.0
5,5,1.340096563101,172.5,2016,0,12.0
100,5,0.5887583624572,805.9333333333,2016,0,12.0
5,6,1.897746898234,173.1,2016,0,12.0
100,6,0.5305012315512,802.7,2016,0,12.0
5,7,0.9794901460409,173.9,2016,0,12.0
100,7,0.5157938543707,802,2016,0,12.0
5,8,1.153774648905,179.2666666667,2016,0,12.0
100,8,0.7149405982345,799.8333333333,2016,0,12.0
5,9,1.543766014278,181.2666666667,2016,0,12.0
100,9,1.295353025198,798.3666666667,2016,0,12.0
5,10,2.763109229505,180.5333333333,2016,0,12.0
100,10,2.097875844687,800.3333333333,2016,0,12.0
5,11,2.816762328148,185.7333333333,2016,0,12.0
100,11,1.302695656195,793.8666666667,2016,0,12.0
5,12,4.203578829765,188.1333333333,2016,0,12.0
100,12,1.044085491449,792.4,2016,0,12.0
5,1,2.511911004782,188.9,2017,0,12.0
100,1,0.8292313702404,792.3,2017,0,12.0
5,2,1.678754583001,188.4333333333,2017,0,12.0
100,2,1.022280774079,797.4,2017,0,12.0
5,3,2.160538114607,185.8333333333,2017,0,12.0
100,3,0.7913608886302,799.4666666667,2017,0,12.0
5,4,2.303046807647,184.9,2017,0,12.0
100,4,0.6834921520203,801.0333333333,2017,0,12.0
5,5,1.525531582534,183.4333333333,2017,0,12.0
100,5,0.5763078052551,802.2333333333,2017,0,12.0
5,6,1.564844548702,186.6,2017,0,12.0
100,6,0.6220384081826,801.9333333333,2017,0,12.0
5,7,0.6417018175125,189.6,2017,0,12.0
100,7,0.5772432051599,800.9333333333,2017,0,12.0
5,8,1.150411516428,190.3666666667,2017,0,12.0
100,8,0.9585244143382,799.6666666667,2017,0,12.0
5,9,1.095322132111,188.8333333333,2017,0,12.0
100,9,0.8211473766714,800.1,2017,0,12.0
5,10,2.003718756139,188.2333333333,2017,0,12.0
100,10,1.966134997085,798.2666666667,2017,0,12.0
5,11,2.375967569649,189.4666666667,2017,0,12.0
100,11,1.017940388992,800.8,2017,0,12.0
5,12,4.708462581038,193.8,2017,0,12.0
100,12,1.259981673211,801.4666666667,2017,0,12.0
5,1,3.521709024906,193.4666666667,2018,0,12.0
100,1,0.8316417271271,804.6333333333,2018,0,12.0
5,2,2.461227178574,197.7333333333,2018,0,12.0
100,2,0.920954647474,805.8666666667,2018,0,12.0
5,3,2.128811813891,200.0333333333,2018,0,12.0
100,3,0.8177405353636,803.4333333333,2018,0,12.0
5,4,1.714765131474,198.6666666667,2018,0,12.0
100,4,0.7262476980686,804.1333333333,2018,0,12.0
5,5,1.371945977211,195.1,2018,0,12.0
100,5,0.5136376917362,805.3666666667,2018,0,12.0
5,6,1.632547721267,193.7666666667,2018,0,12.0
100,6,0.4076694091782,805.8,2018,0,12.0
5,7,0.8663954138756,196.6,2018,0,12.0
100,7,0.4389930404723,803.7333333333,2018,0,12.0
5,8,1.179221227765,196.0333333333,2018,0,12.0
100,8,0.6353087481111,804.3333333333,2018,0,12.0
5,9,1.062136232853,194.7333333333,2018,0,12.0
100,9,1.132040354423,806.0666666667,2018,0,12.0
5,10,1.755109012127,194.1,2018,0,12.0
100,10,1.555955603719,805.4,2018,0,12.0
5,11,1.955582484603,192.8666666667,2018,0,12.0
100,11,1.480423778296,805.4,2018,0,12.0
5,12,5.637549385428,194.2333333333,2018,0,12.0
100,12,1.371897038072,807.0333333333,2018,0,12.0
